{
  "model": {
    "cls": "Network", 
    "expanded": true, 
    "has_layout": true, 
    "label_visible": true, 
    "pos": {
      "height": 465.4418795847483, 
      "left": 114.86448296703313, 
      "top": 115.92162813273426, 
      "width": 465.4418795847483
    }
  }, 
  "state": {
    "cls": "Ensemble", 
    "label_visible": true, 
    "pos": {
      "height": 150.0, 
      "left": 300.0, 
      "top": 300.0, 
      "width": 200.00000000000003
    }
  }
}