{
  "_viz_0": {
    "cls": "Slider", 
    "label_visible": 1, 
    "obj": "stim", 
    "pos": {
      "height": 113.5608, 
      "left": -22.64106, 
      "top": 155.7474, 
      "width": 37.20384
    }, 
    "ylim": [
      -1, 
      1
    ]
  }, 
  "_viz_1": {
    "cls": "Voltage", 
    "label_visible": 1, 
    "obj": "ens", 
    "pos": {
      "height": 114.6966, 
      "left": 630.444, 
      "top": -25.937520000000003, 
      "width": 78.8724
    }, 
    "ylim": [
      0, 
      1
    ]
  }, 
  "_viz_2": {
    "cls": "Raster", 
    "label_visible": 1, 
    "obj": "ens", 
    "pos": {
      "height": 113.5608, 
      "left": 631.932, 
      "top": 213.6756, 
      "width": 74.4078
    }
  }, 
  "_viz_3": {
    "cls": "Value", 
    "label_visible": 1, 
    "obj": "ens", 
    "pos": {
      "height": 113.5608, 
      "left": 629.7, 
      "top": 456.69599999999997, 
      "width": 74.4078
    }, 
    "ylim": [
      -1, 
      1
    ]
  }, 
  "ens": {
    "cls": "Ensemble", 
    "label_visible": true, 
    "pos": {
      "height": 90.90909090909093, 
      "left": 463.6363636363636, 
      "top": 181.81818181818187, 
      "width": 90.9090909090909
    }
  }, 
  "model": {
    "cls": "Network", 
    "expanded": true, 
    "has_layout": true, 
    "label_visible": true, 
    "pos": {
      "height": 361.0602387856389, 
      "left": 174.05163452638388, 
      "top": 191.98648664185896, 
      "width": 361.0602387856389
    }
  }, 
  "stim": {
    "cls": "Node", 
    "label_visible": true, 
    "pos": {
      "height": 72.72727272727275, 
      "left": 85.0703797115888, 
      "top": 181.81818181818187, 
      "width": 39.61583425704335
    }
  }
}